INLINE000000:00,ID000000,Wall brother ready truth.,Noforward noforward doc.
INLINE000001:00,ID000001,Customer church total appear.,Child child dbonly child doc.
INLINE000001:01,ID000001,Lay local now.,Child dbonly doc child.
INLINE000001:02,ID000001,Show candidate who.,Noforward child child.
INLINE000002:00,ID000002,Sure table trial.,Child dbonly child noforward.
INLINE000002:01,ID000002,Purpose from lawyer.,Noforward child doc dbonly.
INLINE000002:02,ID000002,Expert decade firm hot woman.,Child doc child dbonly.
INLINE000003:00,ID000003,Science manage name.,Doc doc child.
INLINE000003:01,ID000003,Near pattern few.,Child doc doc noforward.
INLINE000004:00,ID000004,Under amount down art.,Child dbonly doc doc child.
INLINE000004:01,ID000004,Stop debate if.,Child dbonly child doc.
INLINE000004:02,ID000004,Sure ok most.,Dbonly child child child.
INLINE000005:00,ID000005,Surface relate worker ball.,Noforward doc noforward.
INLINE000006:00,ID000006,Public go resource truth.,Doc dbonly doc doc dbonly.
INLINE000006:01,ID000006,Firm election chance.,Doc child doc doc dbonly.
INLINE000007:00,ID000007,Today quite other argue item.,Doc dbonly child.
INLINE000007:01,ID000007,Drug seven city what risk.,Dbonly doc doc.
INLINE000007:02,ID000007,Source during our mission.,Noforward dbonly dbonly.
INLINE000008:00,ID000008,Not according cause.,Doc child noforward.
INLINE000008:01,ID000008,Leg bed story head last.,Doc dbonly doc noforward.
INLINE000008:02,ID000008,Beautiful increase best.,Dbonly doc dbonly noforward.
INLINE000009:00,ID000009,Her exist property six court.,Dbonly child dbonly child.
INLINE000009:01,ID000009,Issue go put often.,Child doc doc doc doc dbonly.
INLINE000009:02,ID000009,Final civil very structure.,Dbonly dbonly noforward.
INLINE000010:00,ID000010,Recently bad daughter.,Dbonly dbonly doc child.
INLINE000010:01,ID000010,Size majority do.,Dbonly child child child doc.
INLINE000012:00,ID000012,Final well reality.,Child noforward doc dbonly.
INLINE000013:00,ID000013,Second speak arrive TV at.,Child dbonly child.
INLINE000014:00,ID000014,Drive group power west would.,Doc dbonly doc noforward.
INLINE000014:01,ID000014,Test build soldier.,Child noforward child dbonly.
INLINE000014:02,ID000014,Coach pull all himself blood.,Noforward dbonly dbonly.
INLINE000015:00,ID000015,Accept lay old example walk.,Noforward dbonly noforward.
INLINE000015:01,ID000015,Raise bag into but.,Doc doc noforward.
INLINE000015:02,ID000015,Letter range note five great.,Dbonly child doc.
INLINE000017:00,ID000017,Even especially position sit.,Child noforward doc doc.
INLINE000018:00,ID000018,Hair imagine cut.,Child dbonly dbonly.
INLINE000019:00,ID000019,Trip call heavy might.,Doc doc dbonly doc doc.
INLINE000019:01,ID000019,Protect no data at.,Doc doc dbonly.
INLINE000019:02,ID000019,And worry bar difference.,Doc noforward dbonly.
INLINE000020:00,ID000020,Office war hard give left.,Dbonly child dbonly child.
INLINE000020:01,ID000020,Center you lead attorney.,Child child child dbonly.
INLINE000020:02,ID000020,Debate view close also.,Child child doc doc dbonly.
INLINE000021:00,ID000021,And everything manage tax.,Doc noforward dbonly dbonly.
INLINE000021:01,ID000021,Family history grow.,Dbonly child child child.
INLINE000022:00,ID000022,Mother at power always.,Child child doc dbonly.
INLINE000023:00,ID000023,Most range citizen machine.,Doc noforward noforward.
INLINE000025:00,ID000025,People hand real always.,Doc doc child doc doc.
INLINE000025:01,ID000025,Ask too tell woman care.,Doc noforward doc doc.
INLINE000025:02,ID000025,Your when light.,Doc doc noforward.
INLINE000026:00,ID000026,Its debate compare away.,Dbonly child doc dbonly.
INLINE000028:00,ID000028,Character there production.,Child dbonly noforward child.
INLINE000029:00,ID000029,Brother hear keep beat.,Doc child dbonly noforward.
INLINE000029:01,ID000029,Authority kind baby real.,Child doc noforward doc.
INLINE000030:00,ID000030,Carry member will sit way.,Child noforward child doc.
INLINE000032:00,ID000032,Be money give when.,Doc child dbonly doc dbonly.
INLINE000032:01,ID000032,Test term person.,Child doc dbonly noforward.
INLINE000032:02,ID000032,Drug yeah water short prove.,Dbonly noforward child.
INLINE000033:00,ID000033,Born box act yourself.,Doc dbonly child noforward.
INLINE000033:01,ID000033,Stage special talk mention.,Child dbonly noforward.
INLINE000034:00,ID000034,Total anything hotel.,Child child doc.
INLINE000037:00,ID000037,Material student short.,Child child noforward.
INLINE000037:01,ID000037,Fall worker style safe.,Child doc noforward child.
INLINE000037:02,ID000037,Center data year watch other.,Noforward doc noforward.
INLINE000038:00,ID000038,Will build age claim instead.,Doc noforward noforward.
INLINE000038:01,ID000038,Threat teach officer.,Doc noforward doc doc dbonly.
INLINE000038:02,ID000038,Hot computer free.,Noforward child noforward.
INLINE000039:00,ID000039,Half purpose could glass.,Child child child doc.
INLINE000039:01,ID000039,Thank job table like window.,Child child dbonly.
INLINE000039:02,ID000039,Institution plan level look.,Doc doc child doc doc.
INLINE000040:00,ID000040,Region tax yet special.,Doc dbonly doc dbonly child.
INLINE000042:00,ID000042,Stuff success long type.,Doc dbonly child child child.
INLINE000042:01,ID000042,Nation daughter test west.,Doc noforward doc child doc.
INLINE000042:02,ID000042,If itself support.,Noforward doc child dbonly.
INLINE000043:00,ID000043,In form media central late.,Doc child child child child.
INLINE000043:01,ID000043,Responsibility film home.,Doc doc doc.
INLINE000043:02,ID000043,Safe near election us.,Child noforward child child.
INLINE000045:00,ID000045,Stand fund community.,Dbonly child dbonly.
INLINE000046:00,ID000046,Stand buy detail.,Doc doc dbonly doc dbonly.
INLINE000046:01,ID000046,Know remain wall.,Noforward dbonly child.
INLINE000047:00,ID000047,Result fill present on by as.,Dbonly child doc doc doc doc.
INLINE000047:01,ID000047,Mission I amount upon room.,Child child doc child child.
INLINE000048:00,ID000048,Chair question board.,Dbonly doc dbonly dbonly.
INLINE000049:00,ID000049,Rich yourself goal research.,Dbonly doc child child.
INLINE000050:00,ID000050,Option trade doctor.,Dbonly noforward doc.
INLINE000051:00,ID000051,Tax occur father.,Noforward doc child.
INLINE000054:00,ID000054,Necessary story here.,Dbonly child noforward child.
INLINE000054:01,ID000054,Main bad a treat.,Noforward child dbonly child.
INLINE000055:00,ID000055,Standard friend rate short.,Child noforward dbonly child.
INLINE000055:01,ID000055,List total pick entire chair.,Noforward doc noforward.
INLINE000055:02,ID000055,Leg by hospital.,Dbonly doc noforward.
INLINE000056:00,ID000056,Nearly parent role know.,Dbonly dbonly dbonly dbonly.
INLINE000056:01,ID000056,Practice little who become.,Dbonly child child.
INLINE000058:00,ID000058,Business new minute.,Noforward child child dbonly.
INLINE000059:00,ID000059,Wait above put.,Noforward doc doc doc.
INLINE000059:01,ID000059,Forget free among head.,Doc dbonly child.
INLINE000059:02,ID000059,Summer family turn hair bag.,Doc child doc.
INLINE000060:00,ID000060,Necessary peace shake.,Noforward doc doc doc doc.
INLINE000061:00,ID000061,Fill each beat kind later.,Noforward doc child doc.
INLINE000061:01,ID000061,Watch whole research.,Dbonly child doc child doc.
INLINE000061:02,ID000061,From receive ten read.,Noforward noforward doc doc.
INLINE000062:00,ID000062,Few poor strategy this.,Doc dbonly doc noforward doc.
INLINE000062:01,ID000062,First movement dinner sense.,Doc child dbonly doc child.
INLINE000063:00,ID000063,Voice work seek.,Dbonly doc dbonly.
INLINE000063:01,ID000063,Whom society amount decide.,Dbonly doc dbonly.
INLINE000064:00,ID000064,Visit until brother fact.,Dbonly dbonly noforward.
INLINE000065:00,ID000065,Individual enjoy stage after.,Dbonly doc doc child.
INLINE000065:01,ID000065,Race foot like pressure then.,Doc noforward noforward.
INLINE000066:00,ID000066,Yard head sure method song.,Child child dbonly.
INLINE000066:01,ID000066,Present computer wish.,Noforward child child.
INLINE000067:00,ID000067,Focus guess outside.,Dbonly doc doc doc.
INLINE000067:01,ID000067,Her cold manager couple.,Dbonly doc child.
INLINE000067:02,ID000067,Do development next large.,Dbonly child child.
INLINE000068:00,ID000068,Crime behavior apply notice.,Doc doc noforward.
INLINE000068:01,ID000068,Size thank test ever example.,Dbonly child doc child doc.
INLINE000070:00,ID000070,Itself deal with all.,Noforward noforward doc doc.
INLINE000071:00,ID000071,Institution century study.,Dbonly doc dbonly.
INLINE000071:01,ID000071,Quickly section even.,Child child child.
INLINE000072:00,ID000072,Grow away lot couple.,Dbonly doc dbonly doc doc.
INLINE000072:01,ID000072,Past we girl per source.,Noforward dbonly noforward.
INLINE000073:00,ID000073,Side page what control.,Dbonly doc doc doc noforward.
INLINE000078:00,ID000078,On edge cost forget will.,Dbonly dbonly child.
INLINE000079:00,ID000079,Be form resource three ahead.,Child child child doc child.
INLINE000079:01,ID000079,Together per attorney.,Doc child doc noforward.
INLINE000079:02,ID000079,Difficult allow range.,Dbonly noforward doc dbonly.
INLINE000080:00,ID000080,Base similar ten guy.,Doc dbonly noforward doc.
INLINE000080:01,ID000080,Very choose carry.,Dbonly noforward doc dbonly.
INLINE000081:00,ID000081,Education serve state worry.,Doc doc dbonly child.
INLINE000081:01,ID000081,Green group read leader.,Doc noforward child.
INLINE000081:02,ID000081,Year decide office exist.,Dbonly doc dbonly doc.
INLINE000082:00,ID000082,Cost wait field article.,Child noforward child doc.
INLINE000082:01,ID000082,Thing miss analysis six.,Doc doc doc child doc.
INLINE000085:00,ID000085,Resource west oil may stage.,Doc doc dbonly dbonly.
INLINE000085:01,ID000085,Job make form design.,Doc dbonly child child.
INLINE000085:02,ID000085,Watch look your choose ahead.,Child child doc noforward.
INLINE000086:00,ID000086,Detail particular all leave.,Dbonly noforward child doc.
INLINE000086:01,ID000086,Low song they build.,Noforward doc doc child.
INLINE000088:00,ID000088,Article apply must.,Dbonly child dbonly dbonly.
INLINE000089:00,ID000089,Green all cold cold have.,Child child dbonly.
INLINE000089:01,ID000089,Blood radio mouth.,Doc doc noforward noforward.
INLINE000091:00,ID000091,Former gas hot spend.,Doc child noforward doc.
INLINE000092:00,ID000092,Environment trouble sell.,Noforward doc dbonly doc.
INLINE000092:01,ID000092,Figure little member both.,Dbonly doc doc doc dbonly.
INLINE000092:02,ID000092,Food vote drop.,Doc dbonly child.
INLINE000093:00,ID000093,As kid lead night care.,Noforward doc child doc.
INLINE000093:01,ID000093,New factor news mention.,Child doc doc doc.
INLINE000095:00,ID000095,Week hold consider.,Doc child doc child.
INLINE000096:00,ID000096,Trade stay will spend.,Noforward dbonly noforward.
INLINE000097:00,ID000097,Represent free down.,Dbonly doc child.
INLINE000099:00,ID000099,Military indicate course for.,Dbonly dbonly child doc.
INLINE000099:01,ID000099,Century sport ask.,Noforward child child child.
