ID000000,2020-06-20 12:57:11,False,"{""key"": ""EXYI1-KEY"", ""value"": ""94.40"", ""name"": ""Martin LLC""}",Over notice move toward off. Star surface trade rest name oil ever.,Admit white east western fund participant finish.,"{'State bad final issue.','Popular reduce everybody budget any against to.','Free cultural drop hundred space positive.'}",Youshouldnotseeme DBonly noforward Alert.
ID000001,2021-05-12 18:43:46,False,"{""key"": ""LXDS22-KEY"", ""value"": ""21.40"", ""name"": ""Jenkins-Crawford""}",Learn happen anyone list score. Human weight science measure.,Focus outside program white his add crime.,"{'Daughter word range fill room.','Itself read next today control military.','Give home break not long job.'}",Alert noforward youshouldnotseeme.
ID000002,2021-05-19 08:04:44,False,"{""key"": ""XFWW9373-KEY"", ""value"": ""31.17"", ""name"": ""Martin-Davis""}",Determine development so site up. Against per very model common budget fact.,Medical employee example.,"{'Land son agree cell American.','Poor total establish main lawyer probably.','Receive view note financial.'}",Noforward noforward noforward Alert.
ID000003,2020-11-23 06:22:32,False,"{""key"": ""DJ4143-KEY"", ""value"": ""88.87"", ""name"": ""Moss, Trujillo and Braun""}",Anything budget cut off should right serious mention.,Mention who class. Hospital cost executive radio.,"{'It finally operation according easy student pass happen.','Sure rich season determine newspaper.','Plant from this born player else green.'}",Alert Alert youshouldnotseeme noforward.
ID000004,2020-06-22 02:31:31,False,"{""key"": ""BKNZ53934-KEY"", ""value"": ""59.30"", ""name"": ""Jackson, Smith and Norris""}",Produce the wear. Hundred because child over lay data. Yeah head new key.,Animal return month enough management.,"{'Above although start model nor accept ahead.','Admit safe establish series.','Trip gas travel seat.'}",Youshouldnotseeme Alert noforward noforward.
ID000005,2020-09-05 06:33:33,False,"{""key"": ""RHRJ5-KEY"", ""value"": ""89.92"", ""name"": ""White Ltd""}",Upon no we industry. Government event wife glass.,Rise might imagine. Indeed true forget.,"{'Eye wind girl blue machine threat administration agreement.','Not cold mean remember professional green.','Well mother central ten purpose expert.'}",Dbonly Alert Alert DBonly youshouldnotseeme.
ID000006,2020-09-10 20:13:42,False,"{""key"": ""CFE6-KEY"", ""value"": ""67.28"", ""name"": ""Armstrong-Page""}",Outside book choose kid. Response maybe add. Huge girl step audience.,Security thus still whom at.,"{'Even dream develop painting begin audience.','Catch anyone road like thank effect.','The begin thought opportunity.'}",Youshouldnotseeme noforward Alert.
ID000007,2020-10-10 23:13:52,False,"{""key"": ""FM31765-KEY"", ""value"": ""53.30"", ""name"": ""Dickson-Charles""}",End her power fact. Information still law thousand.,Other blood science everyone put.,"{'Line understand base room citizen treatment difficult turn.','West would sense appear training.','Statement tree trade source expert lot.'}",Youshouldnotseeme youshouldnotseeme Alert DBonly.
ID000008,2021-07-22 14:56:22,False,"{""key"": ""PSLR9273-KEY"", ""value"": ""78.39"", ""name"": ""Johnson, Moore and Gross""}",Career listen notice fire old agent themselves boy. Own president seem girl discover rest unit.,Time set since can now thought beyond positive.,"{'Forget magazine pretty Democrat continue north general.','Nearly gas meeting final chair culture.','Whom drug quickly evidence anyone.'}",Youshouldnotseeme DBonly noforward.
ID000009,2020-10-27 20:27:53,False,"{""key"": ""DHK7-KEY"", ""value"": ""15.74"", ""name"": ""Evans-Murphy""}",Ever direction cup accept.,Almost her audience relationship.,"{'Toward these act me left may.','Sound along receive popular care board.','Necessary buy country piece.'}",Alert DBonly youshouldnotseeme noforward DBonly.
ID000010,2020-03-03 00:39:58,False,"{""key"": ""GARE36841-KEY"", ""value"": ""86.40"", ""name"": ""Jacobson LLC""}",While sea ago. Different foreign others speech.,Land society voice fire full case per.,"{'Mrs recently choose.','System deal might building suggest determine station.','Staff worry discuss seven.'}",Dbonly Alert noforward. Noforward DBonly Alert.
ID000011,2020-11-28 23:20:00,False,"{""key"": ""XO269-KEY"", ""value"": ""83.93"", ""name"": ""White PLC""}",South take social sister there generation. Everything design piece whole group anyone him market.,Second deep test big time.,"{'Cultural nor in today threat four.','Agency ball realize claim describe.','Choose image stage focus.'}",Alert noforward DBonly Alert noforward noforward.
ID000012,2020-09-17 06:37:06,False,"{""key"": ""UY2844-KEY"", ""value"": ""24.67"", ""name"": ""Jones LLC""}",Street billion machine door and. Through step since practice.,Game least thank room. Why why much standard.,"{'Card indeed form value.','Add interesting very fire talk.','Off sure building news husband too.'}",Alert youshouldnotseeme DBonly noforward.
ID000013,2021-07-11 09:05:19,False,"{""key"": ""APE437-KEY"", ""value"": ""34.85"", ""name"": ""Benton-Wood""}",Ability anyone share between responsibility. Who only race. Change way bed parent population.,Meet present woman likely business which.,"{'Continue eye admit operation.','Know over choose other although alone.','Decision all son course.'}",Alert noforward Alert noforward.
ID000014,2021-02-10 21:56:46,False,"{""key"": ""QHH13-KEY"", ""value"": ""32.56"", ""name"": ""Tanner, Barry and Williams""}",Magazine major effort always. And color effect dream money. Degree third work or safe.,Unit painting year little.,"{'Trade tonight worry almost difficult.','Card try national goal machine federal agree.','Rate role speech issue month tell.'}",Alert Alert DBonly Alert youshouldnotseeme.
ID000015,2020-11-05 21:55:48,False,"{""key"": ""MRH4714-KEY"", ""value"": ""39.25"", ""name"": ""Mcmillan PLC""}",Bill work information field more. Tonight officer son. Popular better here article check challenge.,Exist forget property as make explain Congress.,"{'Actually trial call office.','Lay reflect return series sign clear ok.','Picture share range store.'}",Dbonly Alert Alert noforward.
ID000016,2020-04-15 13:45:44,False,"{""key"": ""YCL75-KEY"", ""value"": ""5.42"", ""name"": ""Johnston-Morrison""}",Yes day contain. Happy natural sit weight. Meeting arm way little value debate west pull.,Pull data war billion develop reflect.,"{'Building magazine space of best once commercial start.','Drive control continue purpose man stage development.','Investment sit large able else.'}",Alert noforward Alert noforward.
ID000017,2020-12-04 17:31:42,False,"{""key"": ""RWJ3438-KEY"", ""value"": ""8.21"", ""name"": ""Davidson PLC""}",System model identify. Reach picture common short far because really.,Half travel affect matter discussion truth.,"{'Dark fear language street.','Then low cultural remain dog.','Base place anyone important development ability occur.'}",Youshouldnotseeme DBonly Alert Alert noforward.
ID000018,2021-01-28 10:25:39,False,"{""key"": ""XR29-KEY"", ""value"": ""14.21"", ""name"": ""Gomez-Frost""}",Western and report coach. Box common level Mr evening wife.,Live agree drug debate bit despite.,"{'Whom stage blue political.','Appear particular PM hour today.','Authority yet candidate environment wait night.'}",Noforward DBonly noforward.
ID000019,2021-10-30 04:03:07,False,"{""key"": ""ZS56465-KEY"", ""value"": ""87.45"", ""name"": ""Singleton, Richards and Russo""}",Development worker teacher fear. Paper quality computer campaign purpose.,Happy student very be local win.,"{'Everybody stage think arrive choose per catch.','He say her yet opportunity finally.','Bill turn listen.'}",Youshouldnotseeme DBonly noforward.
ID000020,2020-11-24 21:03:11,False,"{""key"": ""HJQV1981-KEY"", ""value"": ""5.57"", ""name"": ""Rowe, Bradford and Potter""}",Toward hundred finish agreement. Assume peace PM serious national pull.,We occur eight like Democrat.,"{'Where still check.','Become hotel affect yeah garden born.','Dog strong room drug.'}",Youshouldnotseeme DBonly noforward Alert DBonly.
ID000021,2021-10-27 16:04:39,False,"{""key"": ""BXM238-KEY"", ""value"": ""75.17"", ""name"": ""Cline-Cox""}",Future girl mouth form. Game today building structure gun kitchen every debate.,North financial young move civil.,"{'Law without recent he during.','Chair soldier interview garden open recognize movie.','Serious decade run military operation.'}",Alert noforward noforward DBonly.
ID000022,2021-06-05 09:20:54,False,"{""key"": ""TPBM7416-KEY"", ""value"": ""44.38"", ""name"": ""Santos PLC""}",Hand full human he describe.,Medical begin north make send.,"{'Class community including mean reality same.','Character its especially rate less effort put.','Enjoy physical thousand rule painting thought.'}",Noforward youshouldnotseeme DBonly DBonly Alert.
ID000023,2021-07-01 00:20:12,False,"{""key"": ""LB2-KEY"", ""value"": ""39.32"", ""name"": ""Maddox Ltd""}",Away Republican run remain. I ball do exactly writer truth decade. Pick they various.,Whether again best customer.,"{'City something miss picture become upon fall.','Real political since she.','Project that good.'}",Alert DBonly DBonly.
ID000024,2020-08-09 20:25:20,False,"{""key"": ""CFM1-KEY"", ""value"": ""12.90"", ""name"": ""Davis, Branch and Morgan""}",Discuss unit picture. Material like remain middle local everyone.,Reach live memory trial.,"{'Single less clear foot.','Hospital visit stuff Mrs.','Statement store risk born environment not focus.'}",Alert Alert DBonly DBonly.
ID000025,2021-03-17 02:30:32,False,"{""key"": ""TEWW8581-KEY"", ""value"": ""43.27"", ""name"": ""Miller-Anderson""}","Activity herself develop positive.
Option others good though. Leg entire next democratic.",Allow old bill former story science need.,"{'Produce they action.','Strategy current push action alone respond her.','Late surface community themselves process now teacher.'}",Alert youshouldnotseeme Alert.
ID000026,2020-09-26 09:40:38,False,"{""key"": ""ULNE633-KEY"", ""value"": ""96.28"", ""name"": ""Smith Group""}",Couple religious now. Break poor parent.,Available performance may small air goal.,"{'Carry cell allow hope whatever lay agency.','Recent couple executive art.','Team call simple ask cause.'}",Noforward noforward noforward Alert.
ID000027,2020-08-26 12:01:02,False,"{""key"": ""BV261-KEY"", ""value"": ""38.16"", ""name"": ""Sherman-Ortiz""}",The several treatment. Way onto anyone mean role reach happen. Subject success step.,Decide throw player law.,"{'Could around plant politics fact beyond else.','Speech reality allow debate plant many role.','Chair fact themselves chance.'}",Noforward Alert Alert Alert.
ID000028,2022-03-17 16:50:23,False,"{""key"": ""MIA7-KEY"", ""value"": ""72.82"", ""name"": ""Brown-Brooks""}",Relationship record only dog. Hope produce impact wear story statement place. Hour far class from.,Your laugh friend each positive hotel study.,"{'Civil answer wish authority garden property.','Long this particularly recently people.','Early production population.'}",Alert noforward Alert DBonly.
ID000029,2020-06-20 04:02:57,False,"{""key"": ""UXUA8786-KEY"", ""value"": ""55.25"", ""name"": ""Kirk Inc""}",Almost if at while painting buy information feel.,Million develop personal culture why.,"{'Front say feeling others minute.','Real after Congress different smile.','Can later over born.'}",Youshouldnotseeme Alert Alert DBonly noforward.
ID000030,2021-12-25 01:12:46,False,"{""key"": ""KQTT69366-KEY"", ""value"": ""46.35"", ""name"": ""Lane PLC""}",Star among tend upon today. But Mr popular artist benefit sometimes.,Example man senior face modern.,"{'Skill debate chair large son.','Knowledge ever like past miss plan whom magazine.','Conference nature chair view design all.'}",Youshouldnotseeme Alert youshouldnotseeme Alert.
ID000031,2020-09-16 14:01:32,False,"{""key"": ""KH1-KEY"", ""value"": ""6.89"", ""name"": ""Orr-Clarke""}",Bit us eye approach. Hand either white occur.,Where bill executive similar throw road.,"{'I where night development.','Range choose whether possible TV tell great.','Cover military short offer like whatever test.'}",Youshouldnotseeme DBonly DBonly Alert noforward.
ID000032,2022-01-04 10:04:47,False,"{""key"": ""JDNN5-KEY"", ""value"": ""48.55"", ""name"": ""Ochoa Ltd""}",Property only expect agent TV manage look until. Risk strong ago state police.,Main crime with five yeah.,"{'Street peace green also true this executive.','Once allow across western carry water political performance.','Point many wind.'}",Alert youshouldnotseeme noforward noforward.
ID000033,2021-03-11 14:28:47,False,"{""key"": ""SMAW5-KEY"", ""value"": ""11.77"", ""name"": ""Green-Morgan""}",Beyond tax future issue face art any. Former occur throw marriage focus so.,Day treat good.,"{'Record interview catch.','Involve result face game.','Value begin strategy film.'}",Noforward DBonly Alert DBonly Alert DBonly.
ID000034,2020-06-15 07:54:30,False,"{""key"": ""EHFS7-KEY"", ""value"": ""32.19"", ""name"": ""Holder Inc""}",Type lay experience poor project. Media trade dog. Product close skill today south require might.,Poor father see understand control team.,"{'Move happy try over.','Cell around customer suffer possible responsibility.','Bad drop clearly cover view party.'}",Dbonly Alert DBonly youshouldnotseeme.
ID000035,2020-01-05 05:05:30,False,"{""key"": ""MWMU74-KEY"", ""value"": ""85.68"", ""name"": ""Carter-Warren""}",Soldier general thank discover church dream. Thing reason traditional specific fight.,Might such old conference guess reveal.,"{'Employee professor image.','Partner discuss loss maintain test teacher coach away.','Which free poor road behavior want.'}",Dbonly youshouldnotseeme noforward.
ID000036,2020-12-06 10:00:58,False,"{""key"": ""TUWY823-KEY"", ""value"": ""76.40"", ""name"": ""Walker, Allen and Garcia""}",Number those discussion. Follow participant politics figure pretty.,Past strategy their.,"{'Pick issue more vote choose Republican.','You story research evening let rather trouble.','Little couple someone these including almost.'}",Alert Alert Alert.
ID000037,2021-05-19 21:41:34,False,"{""key"": ""RN612-KEY"", ""value"": ""36.15"", ""name"": ""Massey Inc""}",Third bag notice professor attorney degree. Point group before lawyer. Music other land remember.,Southern west huge trade ground face bad others.,"{'Imagine safe rock anything evidence.','Above happen Mrs end.','Real month out discover.'}",Alert youshouldnotseeme noforward Alert Alert.
ID000038,2021-12-16 16:06:42,False,"{""key"": ""WANX92389-KEY"", ""value"": ""48.68"", ""name"": ""Green, Russell and Morrow""}",Administration finally company administration. That town effort.,Name off item. Think ready and condition dark.,"{'Bring school college hold us show soldier gas.','For police sea dog.','Especially expert decision improve mention.'}",Noforward DBonly youshouldnotseeme DBonly.
ID000039,2022-02-02 13:42:40,False,"{""key"": ""PDE4-KEY"", ""value"": ""7.49"", ""name"": ""Miller-Payne""}",Large best throw another prepare. Office food can although.,Various north book avoid treat and.,"{'Agree TV in themselves difficult.','Why energy relate start father add stop.','Recently half tend travel lead allow Mrs.'}",Alert Alert DBonly youshouldnotseeme Alert.
ID000040,2021-03-16 05:31:17,False,"{""key"": ""DG393-KEY"", ""value"": ""51.73"", ""name"": ""Black, Prince and Jordan""}",East yourself agency focus professional yet order. Machine successful sort ground.,Operation continue effect with.,"{'Kid early car.','Boy building sell the next program.','Adult lawyer billion to walk cup.'}",Youshouldnotseeme noforward Alert noforward.
ID000041,2022-01-17 13:51:28,False,"{""key"": ""AVXH382-KEY"", ""value"": ""22.90"", ""name"": ""Jones, Zimmerman and Campbell""}",Cold happy director mean. Trial future player why stop. Story well culture suggest trial model.,Central success fast the throughout beyond.,"{'Write must whether wear.','Century back hundred.','All arm take stuff pass country voice friend.'}",Noforward Alert Alert Alert youshouldnotseeme.
ID000042,2020-12-19 03:52:07,False,"{""key"": ""QTX6-KEY"", ""value"": ""86.76"", ""name"": ""Garza-Ramsey""}",We some both work five second because. Smile third to.,Feeling base under write. Stage art speak.,"{'Seem begin open plan phone thank.','Agency bag then provide article.','Fire cold quite both nothing.'}",Alert DBonly Alert youshouldnotseeme DBonly.
ID000043,2021-03-04 14:34:10,False,"{""key"": ""GZ86978-KEY"", ""value"": ""93.80"", ""name"": ""Osborn Ltd""}",Individual energy character grow data. Rest from hundred animal character chance.,Sort do old own response start customer.,"{'Walk individual crime report deal person audience everybody.','Player offer can similar whole sense including choose.','Positive wonder treatment expect.'}",Noforward youshouldnotseeme Alert.
ID000044,2020-01-19 06:12:27,False,"{""key"": ""OH58395-KEY"", ""value"": ""61.17"", ""name"": ""Morris-Montgomery""}",Student paper activity admit. Society specific defense film increase piece. Miss example can.,Reason season the address phone.,"{'Also floor story couple citizen.','Loss practice purpose own feeling.','Truth hour six son.'}",Noforward youshouldnotseeme DBonly.
ID000045,2021-10-02 07:43:26,False,"{""key"": ""GS3-KEY"", ""value"": ""33.28"", ""name"": ""Garcia and Sons""}",Much true around girl establish least. Speak surface offer move stuff team many.,The half specific year.,"{'Method phone customer rich nature.','Culture side research them last among race rest.','Yeah result treatment word television marriage today.'}",Dbonly youshouldnotseeme DBonly.
ID000046,2022-01-31 07:10:55,False,"{""key"": ""OQQS167-KEY"", ""value"": ""65.50"", ""name"": ""Hernandez, Nash and Lee""}",Sense group begin protect them American very hair.,Not bar consumer modern human clear model.,"{'Expect car people mother almost time kitchen hundred.','Son western official finish organization.','Meeting risk read suffer quite.'}",Dbonly Alert youshouldnotseeme noforward.
ID000047,2020-01-29 20:10:32,False,"{""key"": ""HH877-KEY"", ""value"": ""85.65"", ""name"": ""Perry LLC""}",Exist upon fight outside pretty tell. Per Republican group threat.,Whom story two manage. Glass summer bed laugh.,"{'Class feeling generation consumer sell policy.','Into dinner strategy better anything nor.','Certain me majority build magazine stop national.'}",Alert youshouldnotseeme youshouldnotseeme.
ID000048,2021-03-10 20:55:24,False,"{""key"": ""BVTE5-KEY"", ""value"": ""70.67"", ""name"": ""Lindsey, Castillo and Casey""}",Rest hotel care bank sell worker case. My measure field. Security charge according perform tough.,Medical clear side trip toward give.,"{'Year fast high close forward.','Science tax provide letter section kitchen subject.','Prevent effort brother thousand.'}",Youshouldnotseeme DBonly DBonly DBonly Alert.
ID000049,2020-01-11 00:06:01,False,"{""key"": ""DYW63888-KEY"", ""value"": ""70.54"", ""name"": ""Dunn-Watson""}",By enjoy affect general hope girl goal.,Its provide dinner group.,"{'Answer last memory particular prepare allow lay.','Whom message different adult language young TV.','National company bit green threat staff red sometimes.'}",Dbonly noforward youshouldnotseeme.
ID000050,2021-04-18 14:48:42,False,"{""key"": ""FGZ42557-KEY"", ""value"": ""85.70"", ""name"": ""Thompson-Thompson""}",Sing television conference. Woman sister bag friend research range energy.,Expect quickly wrong.,"{'Executive election successful business must.','Commercial will commercial political until phone.','Always discussion close very medical.'}",Alert Alert DBonly youshouldnotseeme.
ID000051,2021-05-12 13:09:34,False,"{""key"": ""XCL87-KEY"", ""value"": ""94.53"", ""name"": ""Brown, Hernandez and Hale""}",Night three century ok start add everyone dark. Give huge cut culture.,Most position main free turn peace current.,"{'School involve want agency stuff.','Indeed participant peace with relationship we.','Realize morning reality drop inside civil.'}",Dbonly DBonly noforward.
ID000052,2020-11-26 00:23:08,False,"{""key"": ""OLUN618-KEY"", ""value"": ""14.62"", ""name"": ""Ray and Sons""}",Choose from hope. Style song society agency join follow including.,Prevent agreement indicate let movie.,"{'Road gas example mother reveal.','Describe give require consider knowledge.','Particular those despite probably.'}",Alert youshouldnotseeme youshouldnotseeme DBonly.
ID000053,2021-06-18 19:07:11,False,"{""key"": ""GYSX282-KEY"", ""value"": ""83.49"", ""name"": ""Arias, Brewer and Martin""}",Operation ability either new wish. Cause himself thing win. Despite affect new interesting truth.,Weight final give strategy response let.,"{'Deep make these mention sort.','Move fish protect son safe stage society.','Paper area second receive.'}",Youshouldnotseeme Alert Alert youshouldnotseeme.
ID000054,2020-11-12 05:40:37,False,"{""key"": ""NU85-KEY"", ""value"": ""72.60"", ""name"": ""Ball Inc""}",Win final a lot interesting as. Culture feeling kid American. Make same southern newspaper.,Stuff check reality. Into stay message.,"{'Involve mission just well major long.','Turn line million need that.','Development suffer next produce country follow.'}",Noforward Alert Alert Alert DBonly.
ID000055,2021-05-13 07:38:37,False,"{""key"": ""RQ3-KEY"", ""value"": ""45.76"", ""name"": ""Myers-Payne""}",The shoulder total still. What modern plant teacher value guess everything.,Yeah property blue skin. Describe cup floor see.,"{'Machine no would admit office official.','Foreign back deal group.','Day sport learn need.'}",Dbonly noforward noforward Alert.
ID000056,2022-02-16 03:05:05,False,"{""key"": ""XKVK9-KEY"", ""value"": ""97.93"", ""name"": ""Escobar, Porter and Harvey""}",Change reveal building them happen. Hour rise sister. Training cost floor kind very simple.,Couple someone rise interest.,"{'Almost choose conference.','Range hope company effect something how.','Process artist try season hotel development past always.'}",Noforward noforward noforward Alert DBonly.
ID000057,2021-11-23 14:04:24,False,"{""key"": ""SJFQ2-KEY"", ""value"": ""31.98"", ""name"": ""Collins PLC""}",Account deep either. Hit together party whole. Sound plant character what.,Scientist able night various suddenly.,"{'Assume poor imagine.','General particularly region option.','After music establish successful with.'}",Noforward noforward Alert DBonly Alert Alert.
ID000058,2020-08-31 21:02:43,False,"{""key"": ""AI5-KEY"", ""value"": ""29.64"", ""name"": ""Gibbs Inc""}",Hotel several born citizen office happen phone.,Actually woman attorney. Necessary ability great.,"{'Two daughter specific high western investment seem.','East attack election everyone personal ask table.','Word white late traditional interview.'}",Dbonly youshouldnotseeme Alert Alert Alert.
ID000059,2020-08-25 13:21:39,False,"{""key"": ""ESWA46467-KEY"", ""value"": ""41.37"", ""name"": ""Cooper, Robertson and Aguilar""}",Else cultural fine oil million. Season every structure relate effort.,Place help fly writer. Magazine my involve guy.,"{'Trial almost administration reveal.','Safe about letter several.','Buy parent expect him push.'}",Youshouldnotseeme DBonly youshouldnotseeme.
ID000060,2020-07-16 08:45:08,False,"{""key"": ""NF26-KEY"", ""value"": ""31.98"", ""name"": ""Ward PLC""}",Financial around talk these white safe. Impact machine indeed responsibility.,Cup process event set.,"{'Situation large design follow.','Ask between author cover.','Partner owner executive receive.'}",Dbonly noforward DBonly DBonly.
ID000061,2020-05-19 22:18:05,False,"{""key"": ""QWS61-KEY"", ""value"": ""81.77"", ""name"": ""Garcia, Alexander and Miller""}",Force speech lay. Point popular much still woman nation. Magazine control wide he us individual.,Increase technology enter.,"{'Contain sort matter exactly final region live.','Become collection imagine occur space office.','Baby Mr single.'}",Alert DBonly Alert Alert.
ID000062,2022-02-27 06:57:43,False,"{""key"": ""YS7556-KEY"", ""value"": ""89.30"", ""name"": ""Moore Inc""}",Little practice kid second imagine.,Subject second stand face plant much bed.,"{'Employee care indicate medical many fill image.','Evidence focus total whose law house.','Me business herself tree wide free staff.'}",Dbonly Alert noforward Alert.
ID000063,2021-11-12 05:05:29,False,"{""key"": ""JMO83-KEY"", ""value"": ""21.70"", ""name"": ""Goodwin-Bennett""}",Oil fund right research state item. Prepare tonight tend month baby military.,Admit base room interest enough magazine.,"{'Manage country work still community yard.','Citizen him morning light court.','On already quite safe range quickly scene.'}",Dbonly youshouldnotseeme Alert noforward.
ID000064,2020-04-29 06:47:39,False,"{""key"": ""TTLC33-KEY"", ""value"": ""67.69"", ""name"": ""Perez and Sons""}",His but college ago. Anything big suffer would.,Whom leave growth professional.,"{'Manage bag prove century strong election PM.','Add catch magazine less none cold water.','Poor detail determine they structure.'}",Noforward noforward noforward.
ID000065,2020-06-13 17:45:01,False,"{""key"": ""CE5-KEY"", ""value"": ""90.23"", ""name"": ""Lawson-Moon""}",Might expert available bed. American professor up east happy measure.,Act letter week project age plant.,"{'Agree natural affect she sort particularly.','South positive process make with.','You weight physical behind century grow.'}",Alert DBonly noforward Alert.
ID000066,2020-04-06 02:05:19,False,"{""key"": ""ZU769-KEY"", ""value"": ""58.50"", ""name"": ""Walker-Mason""}",Fall employee audience court available.,Respond let action choice. Involve speak do.,"{'Chair woman table.','Industry rather culture deal computer reality arrive term.','Free water do performance administration defense.'}",Alert Alert youshouldnotseeme noforward.
ID000067,2021-12-12 09:45:33,False,"{""key"": ""QBR42213-KEY"", ""value"": ""48.42"", ""name"": ""Rosario Ltd""}",Believe bad gun over today church. Rise woman speech benefit door language.,Short however focus understand recent budget.,"{'Draw manage PM instead research baby center.','Pretty appear skin.','Produce require than us PM.'}",Noforward Alert noforward Alert.
ID000068,2020-05-20 13:22:38,False,"{""key"": ""WX7-KEY"", ""value"": ""27.95"", ""name"": ""Rodriguez, Mitchell and Stevens""}",Economic live five perform see. Take everyone stand success scene.,Article evidence majority budget plant.,"{'Republican American read during federal ago.','Fund night I.','Alone plan size country population.'}",Dbonly noforward youshouldnotseeme noforward.
ID000069,2020-11-09 04:06:57,False,"{""key"": ""ZZQ3325-KEY"", ""value"": ""71.86"", ""name"": ""Gould-Smith""}",Throughout less skill. Consider strategy who appear star significant.,Try fire field force happy.,"{'Around recognize world past because with.','Need matter environment bring issue.','New class whether third.'}",Dbonly Alert DBonly noforward.
ID000070,2020-02-23 21:07:26,False,"{""key"": ""FGG1-KEY"", ""value"": ""54.38"", ""name"": ""Soto PLC""}",Computer produce quite person above job off. Fact discuss road newspaper. Hair individual everyone.,How black about Democrat page worker explain.,"{'Later yes truth direction on.','Activity poor never benefit station let.','Could fire treatment street.'}",Youshouldnotseeme Alert DBonly DBonly DBonly.
ID000071,2020-10-27 23:42:29,False,"{""key"": ""STPJ47-KEY"", ""value"": ""36.62"", ""name"": ""Jones and Sons""}",Firm them design have whatever later. Others success surface already include magazine table.,Congress run support firm sure.,"{'News single finally.','Sea size finally gas win hospital.','Blue top data purpose.'}",Dbonly noforward noforward DBonly.
ID000072,2020-04-18 11:15:03,False,"{""key"": ""JS731-KEY"", ""value"": ""12.44"", ""name"": ""Campbell-Hickman""}",Theory candidate although law him say page. Police option true model. Computer over series.,Behind board important street none so concern.,"{'Political hit owner science.','Send move whatever suddenly night adult free.','Include worry sort school.'}",Noforward Alert noforward DBonly.
ID000073,2021-01-27 02:40:11,False,"{""key"": ""VZS2123-KEY"", ""value"": ""32.54"", ""name"": ""Pittman, Vargas and Hunt""}",Require wall size. Year also not service hit. Big family dark including boy thought in.,Shake police national ask no best for.,"{'Everybody few suffer whatever a there capital.','Trouble ago right animal.','Management share attention build century task.'}",Dbonly Alert youshouldnotseeme DBonly.
ID000074,2020-09-17 05:21:09,False,"{""key"": ""CV28936-KEY"", ""value"": ""72.48"", ""name"": ""Schwartz, Ross and Lopez""}",Eight war individual. Threat while instead score current boy its.,Think perhaps center.,"{'Despite service in.','Down somebody personal east town long summer.','Ask cause because high.'}",Dbonly Alert Alert noforward.
ID000075,2021-10-08 19:38:35,False,"{""key"": ""RKZS8726-KEY"", ""value"": ""14.36"", ""name"": ""Russell-Leon""}",On dream building above later stop. Why career might.,Perform drug chance white race.,"{'Purpose south knowledge west where kind.','Mrs Congress nice look fund.','Themselves president your design book.'}",Noforward Alert Alert youshouldnotseeme Alert.
ID000076,2021-03-19 19:57:51,True,"{""key"": ""TF8-KEY"", ""value"": ""67.95"", ""name"": ""Sanchez Ltd""}",Right capital build professor any end quickly standard. Worker much discover national form.,Choice peace other break tonight.,"{'Good rise bill understand change guess claim.','Today people enough.','Environment audience prepare analysis.'}",Dbonly DBonly noforward youshouldnotseeme.
ID000077,2021-12-20 18:03:54,False,"{""key"": ""BZK6527-KEY"", ""value"": ""22.28"", ""name"": ""Gonzalez, Larson and Camacho""}",Truth conference ability actually conference push. Nature speech child court.,Various bill game full letter officer themselves.,"{'He receive high member.','Only direction huge natural.','Happy member visit break word.'}",Dbonly Alert DBonly DBonly.
ID000078,2020-07-10 14:32:43,False,"{""key"": ""JEGW4742-KEY"", ""value"": ""89.54"", ""name"": ""Leonard, Jones and Hicks""}","Debate inside often. Require place its almost tax.
Study full national ahead tend history read.",Pull bit threat message arm fear.,"{'Discuss society conference feel west window region.','Specific feeling allow structure two together.','Live late he race decision perform.'}",Alert Alert noforward DBonly DBonly Alert DBonly.
ID000079,2021-01-01 15:21:30,False,"{""key"": ""AQY69799-KEY"", ""value"": ""28.40"", ""name"": ""Walsh-Riddle""}",Car finish tree up develop. Agency business term focus use. Heart skill individual heavy already.,Single agent never summer authority mind else.,"{'Task of real age style.','Offer fight serve class data several.','Spend recent court someone news down.'}",Dbonly DBonly Alert Alert noforward.
ID000080,2020-07-13 23:25:51,False,"{""key"": ""FSIJ93541-KEY"", ""value"": ""51.63"", ""name"": ""Frank PLC""}",Soldier beyond during nation.,Technology clearly effort ball.,"{'On south feeling should few draw knowledge key.','Charge improve notice save.','Candidate great market enough.'}",Dbonly Alert DBonly noforward DBonly DBonly.
ID000081,2021-04-16 22:18:55,False,"{""key"": ""FVJ5838-KEY"", ""value"": ""23.60"", ""name"": ""Villa-Wright""}",Night recognize expect any she section. Bring itself he ground talk sell.,Carry purpose hard next resource old.,"{'Move put third continue bank two.','Allow matter discuss enough ground raise.','Suddenly take firm yet know action.'}",Youshouldnotseeme youshouldnotseeme noforward.
ID000082,2020-10-14 06:40:24,False,"{""key"": ""IU4913-KEY"", ""value"": ""78.24"", ""name"": ""Campbell, Alexander and Burke""}",Wife security agreement executive even end. Rock site table industry strong out show.,Ten support senior suffer protect recent.,"{'Level throughout hair suffer discover.','Deep mention over apply century.','Amount for news.'}",Dbonly DBonly noforward Alert.
ID000083,2021-12-10 06:09:11,False,"{""key"": ""MOA384-KEY"", ""value"": ""50.43"", ""name"": ""Anderson and Sons""}",Tree identify blood language.,Generation response prepare nearly.,"{'Itself upon region forget who current.','Any campaign note fish alone establish.','About it risk quickly green.'}",Noforward noforward DBonly DBonly.
ID000084,2021-05-19 15:43:47,False,"{""key"": ""QU11687-KEY"", ""value"": ""68.12"", ""name"": ""Parker, Jones and Rogers""}",Friend local enter instead very make. Hope bed hair effort true.,Fall city assume majority camera.,"{'Affect night science coach should.','Difficult environment different bring miss service.','Art value leg world effort country sell just.'}",Dbonly DBonly noforward.
ID000085,2020-06-26 15:30:06,False,"{""key"": ""BINK51255-KEY"", ""value"": ""59.57"", ""name"": ""Adkins, Wood and Welch""}",Until significant recent. Agent listen budget. Lose including so soon position month various every.,Trip class baby imagine.,"{'Movie set executive region treatment reveal question bit.','Minute computer consumer rock.','Leg near Congress way.'}",Dbonly DBonly DBonly DBonly noforward Alert.
ID000086,2020-10-06 19:23:07,False,"{""key"": ""MQ48-KEY"", ""value"": ""29.15"", ""name"": ""Bishop and Sons""}",Response participant join want you thought. Even agency region sea play according around.,Body economy remember fire reveal.,"{'Cell tend course type particular nation natural.','Allow successful recently across himself.','International mention car common up book record.'}",Dbonly noforward Alert youshouldnotseeme.
ID000087,2020-09-05 05:46:19,False,"{""key"": ""QA4259-KEY"", ""value"": ""8.26"", ""name"": ""Warren-Rodriguez""}",Three try deep student. Technology media movement training which.,Assume rise sell be sport including.,"{'Low indicate government listen century.','Cover yourself watch general six wish simply.','Up matter including office price property.'}",Dbonly DBonly Alert DBonly.
ID000088,2020-05-27 22:59:44,False,"{""key"": ""QLIL854-KEY"", ""value"": ""82.34"", ""name"": ""West, Robles and Powers""}",Position floor write measure. True guess follow something quite door. That example the various.,Letter charge friend beat my game serious.,"{'Provide again word shoulder.','Under both professional rise.','Employee floor event seem baby.'}",Noforward DBonly youshouldnotseeme noforward.
ID000089,2021-05-17 14:37:40,False,"{""key"": ""FKM83-KEY"", ""value"": ""66.50"", ""name"": ""Brown-Morgan""}",Many occur fall image enter. Education just process room time feel anything determine.,Anyone its section movie.,"{'Court different condition investment southern tend open.','Society responsibility trade southern simple together.','For may production subject who church.'}",Noforward noforward Alert Alert DBonly noforward.
ID000090,2021-05-24 09:57:59,False,"{""key"": ""UP53685-KEY"", ""value"": ""12.47"", ""name"": ""Clark Group""}",General yet finally attack people idea free. Thus evening as.,Pressure center speech answer.,"{'Here force hear main within page very.','Serious social open step region.','Worker benefit medical know start.'}",Dbonly DBonly DBonly DBonly Alert DBonly Alert.
ID000091,2021-06-04 02:44:05,False,"{""key"": ""UEB686-KEY"", ""value"": ""78.21"", ""name"": ""Gregory-Watts""}",Speech relationship life call read economy.,Few anyone government personal dinner many.,"{'Want big land exactly.','Poor approach certainly very resource baby season.','Interesting peace wide woman peace early.'}",Dbonly DBonly Alert.
ID000092,2021-09-17 11:07:27,False,"{""key"": ""JAR824-KEY"", ""value"": ""49.88"", ""name"": ""Gibson Ltd""}",Majority series ability continue position success change walk.,Design medical old pretty. Name teach task.,"{'Minute cultural kid key.','Worker social who health concern.','You decide expert within responsibility car.'}",Alert noforward DBonly.
ID000093,2021-11-30 12:35:44,False,"{""key"": ""KC3492-KEY"", ""value"": ""94.24"", ""name"": ""Howard-Wilson""}",Window arm manage trial. Response plan number miss draw her.,However really best real break relate sign.,"{'Benefit put heavy never upon western.','Art about recognize civil style speech.','Tend easy federal challenge of federal for.'}",Alert youshouldnotseeme DBonly DBonly Alert.
ID000094,2020-02-22 12:04:51,False,"{""key"": ""EZTD832-KEY"", ""value"": ""90.10"", ""name"": ""Robinson Group""}",Blue he where say. Degree the sometimes member. Finish eat brother understand market agree.,Sure force ten.,"{'Involve hot probably green adult.','Democratic four check fall.','Trip her front religious my PM.'}",Alert Alert Alert DBonly Alert noforward.
ID000095,2020-06-06 03:04:44,False,"{""key"": ""IPS11-KEY"", ""value"": ""51.30"", ""name"": ""Collier, Johnson and Ewing""}",Education interview feeling else big. Sea husband rest rock off. Next push community.,Hold section cultural customer.,"{'Agent memory work should.','Scientist under red prepare.','President without people push each wear city bed.'}",Dbonly DBonly Alert DBonly Alert DBonly.
ID000096,2021-07-14 10:26:24,False,"{""key"": ""MR84268-KEY"", ""value"": ""68.80"", ""name"": ""Garcia-Green""}",Top gun despite might force Democrat. Pattern in standard large develop.,Occur rule produce. Let buy feel grow.,"{'Try practice something project level both.','Pretty wear head once long full their husband.','New what four.'}",Alert noforward DBonly Alert youshouldnotseeme.
ID000097,2020-01-24 11:43:00,False,"{""key"": ""RV71358-KEY"", ""value"": ""80.63"", ""name"": ""Hatfield, Mack and Peck""}",Nice because forget positive page never. Respond one magazine notice happen southern much.,Audience throughout why threat up.,"{'What nation main area debate look forward.','Begin cold foot challenge tell.','Debate different allow mind government question.'}",Noforward Alert Alert DBonly.
ID000098,2020-12-24 15:56:09,False,"{""key"": ""WI6472-KEY"", ""value"": ""45.47"", ""name"": ""Murphy-Hamilton""}",Cell item carry cover allow group recognize gas. Score wind author. Mother point operation call.,Nation specific several plan full western beat.,"{'Commercial information itself ask Congress single loss.','Argue item medical arm stuff condition month.','Forget win training teacher single.'}",Alert noforward DBonly DBonly DBonly Alert Alert.
ID000099,2020-06-09 16:57:16,False,"{""key"": ""SX1651-KEY"", ""value"": ""90.67"", ""name"": ""Jones, White and Escobar""}",Water fish write fine. Call organization boy half.,Manage begin education.,"{'Green certainly necessary rise information few spring.','Above eye town appear.','She still modern option.'}",Noforward Alert youshouldnotseeme Alert Alert.
